OBJECTID,LAD20CD,LAD20NM,LAD20NMW,BNG_E,BNG_N,LONG,LAT,Shape__Area,Shape__Length,GlobalID
1,E06000001,Hartlepool, ,447160,531474,-1.27018,54.67614,93712628.8481445,71007.4432848003,5befc40e-7899-47da-b8af-00ed035c6a46
2,E06000002,Middlesbrough, ,451141,516887,-1.21099,54.54467,53881564.2709503,44481.6912420962,9e2ce231-67ba-4ce9-b458-8289312955fc
3,E06000003,Redcar and Cleveland, ,464361,519597,-1.00608,54.56752,245069508.916946,96703.9897012825,bbb63ae6-a450-4b2a-95b2-0efd7e7acd75
4,E06000004,Stockton-on-Tees, ,444940,518183,-1.30664,54.556911,204932953.78093,123408.985927675,0d01c686-401d-4053-b832-489b6a213d6f
5,E06000005,Darlington, ,428029,515648,-1.56835,54.535339,197475688.992432,107206.401677287,cf83eb71-a97b-4ca8-9fdb-27ff0b9e8b0c
6,E06000006,Halton, ,354246,382146,-2.68853,53.33424,79084035.4344711,77771.1033589914,fa918bf4-a452-4245-a8d7-1a8b6fcfda27
7,E06000007,Warrington, ,362744,388456,-2.56167,53.391628,180627983.826439,114690.861715145,7a99ebe1-363a-465f-ae93-cf40434fe47a
8,E06000008,Blackburn with Darwen, ,369490,422806,-2.4636,53.700802,137022079.724258,65284.9709825298,3712d4a7-2aad-4ad6-ab35-271ab5d92ab3
9,E06000009,Blackpool, ,332819,436635,-3.02199,53.82164,34870886.4555511,34483.4874941578,bea15c85-ab18-4df3-8cbe-52436dac9991
10,E06000010,"Kingston upon Hull, City of", ,511894,431650,-0.30382,53.769199,71583611.6875305,64681.1195108781,64b2b2f9-f202-4298-a50e-3a2d440bbc1e
11,E06000011,East Riding of Yorkshire, ,488056,443597,-0.66195,53.881119,2404773877.93164,504103.524862796,c5b06dd5-ec5b-4b7c-b0b2-c179648af8ba
12,E06000012,North East Lincolnshire, ,523465,404564,-0.13911,53.52327,192622956.447922,93248.7198118343,ce6a293b-4827-41a7-ab8d-a102a86b20cc
13,E06000013,North Lincolnshire, ,497800,410993,-0.52407,53.58643,846526703.85495,244503.421230243,dd5128e7-6b81-4b62-89bb-7a37a9f95980
14,E06000014,York, ,460864,452589,-1.07375,53.96582,271936983.743546,101957.593922077,67548efe-920e-4b71-8cd1-f5c24e68a1b8
15,E06000015,Derby, ,435609,335375,-1.47189,52.914639,78031124.2976074,50037.7355262197,865a12fb-1220-42c5-9da2-8f5f228fba98
16,E06000016,Leicester, ,458946,304594,-1.1304,52.635921,73342074.1904449,51932.0033485037,ae52e741-2209-47fe-a131-ee0b7bd958ef
17,E06000017,Rutland, ,492992,308655,-0.6263,52.667648,393748908.230515,125885.233889929,5b1b1c20-7e35-4f4d-8e25-85917f058d43
18,E06000018,Nottingham, ,456082,339969,-1.16667,52.954189,74613560.4822235,58724.236525949,ce4fda71-3ca4-49be-b192-e0e7faed22af
19,E06000019,"Herefordshire, County of", ,349434,242834,-2.73931,52.081539,2179709442.51376,349889.442690886,124c4024-4490-4118-8d36-70911f1fe54f
20,E06000020,Telford and Wrekin, ,367035,313057,-2.48941,52.714169,290313545.189056,118780.033274164,28710734-2843-4e82-90e7-31ecc7d67dc8
21,E06000021,Stoke-on-Trent, ,389438,346652,-2.15888,53.017071,93448483.350769,63974.629003771,87f5b29c-5759-4e36-93d9-955f1c155112
22,E06000022,Bath and North East Somerset, ,366217,161999,-2.48654,51.356041,351123213.756172,141684.814205707,186076eb-b6f1-4a92-9a56-d21e2d38c0ea
23,E06000023,"Bristol, City of", ,359990,174846,-2.57742,51.471149,109666791.152557,108825.818390629,788758c8-b2f5-48ae-8290-1deb2d630f2f
24,E06000024,North Somerset, ,347614,166718,-2.75438,51.39706,374637225.164967,154770.379664983,2627b8f2-edd3-4e17-8dd5-f5b230c90ae1
25,E06000025,South Gloucestershire, ,367559,183198,-2.46922,51.54673,497050934.303089,142552.758507811,9a7a01eb-f478-4f8f-9d2e-2e95998139a2
26,E06000026,Plymouth, ,249945,58255,-4.11297,50.404942,79849712.8573999,92645.7610175197,4c449865-70b9-435c-b933-9c269c3ca8c2
27,E06000027,Torbay, ,289730,64613,-3.55523,50.470921,62886695.8943319,77911.4991108205,decf86aa-d6a8-484b-819a-82b6e07b43c4
28,E06000030,Swindon, ,418551,186564,-1.73367,51.577629,230093374.742195,103014.940246214,c2a70a43-8cac-42f2-965f-8eb514f55a11
29,E06000031,Peterborough, ,517372,300777,-0.26874,52.59214,343378151.163376,112678.124727893,796bbd4b-0e03-428c-b208-6435022dca59
30,E06000032,Luton, ,508606,222559,-0.42319,51.891022,43352491.6456223,34569.6531192547,a82b1a89-f8e2-4797-8c12-c697b3135190
31,E06000033,Southend-on-Sea, ,587777,186837,0.706923,51.549171,41673935.6086044,57783.2690578172,263d35a4-779c-42ce-9244-6d28eab4f93b
32,E06000034,Thurrock, ,562123,181590,0.334861,51.509979,163837048.646011,115992.466452314,bbfa575d-eeb6-4f30-9c92-b44368d69450
33,E06000035,Medway, ,578207,175198,0.563174,51.44772,193714281.102425,249509.741616542,a6f8693c-18d6-416f-a37a-4f779561c500
34,E06000036,Bracknell Forest, ,488169,168792,-0.73363,51.411301,109384210.265579,62508.0775037022,ef155b8a-955b-4e3a-a819-ebc155a3668e
35,E06000037,West Berkshire, ,450575,172095,-1.27364,51.445591,704169402.351822,166802.031523965,7cf84b5a-cda2-496c-b5b6-cd83da81b28a
36,E06000038,Reading, ,470226,173154,-0.99071,51.453018,40397991.8301926,39330.8204657469,5720960a-37fa-4b50-ada5-70da9bf6577d
37,E06000039,Slough, ,498920,179246,-0.57617,51.503502,32542008.9557419,44181.3937034479,0dfdef35-0525-42e6-8f4c-cf90aec2306a
38,E06000040,Windsor and Maidenhead, ,492079,176541,-0.67541,51.480339,198427175.066818,114829.420890264,64f48128-76dd-4e9d-b39c-db975518bc0d
39,E06000041,Wokingham, ,476624,169902,-0.89935,51.422958,178965481.003845,86865.9015855577,78637aac-553a-4ee5-a860-85d5c85eb49b
40,E06000042,Milton Keynes, ,486408,242308,-0.7407,52.072411,308626789.34494,102960.590212705,cb8680f0-b8c8-4d06-b3d9-f26ab46d1cb1
41,E06000043,Brighton and Hove, ,530279,106850,-0.15079,50.8465,82832958.778244,59519.4569407267,90081aa8-8887-42ab-b4e3-0cdcf64c8a7b
42,E06000044,Portsmouth, ,465619,101352,-1.07006,50.807999,40394491.3647041,62506.6762167215,5685e938-f7ef-4554-8855-10b26db2f50a
43,E06000045,Southampton, ,442303,113700,-1.39952,50.9212,49880646.3649712,61544.0619572366,9e64714b-c787-4793-9bb4-237edc70092e
44,E06000046,Isle of Wight, ,447183,85949,-1.33366,50.671291,379620110.880482,210138.825630176,3241aaea-aab1-489e-a7f7-575020f608af
45,E06000047,County Durham, ,410381,532242,-1.8405,54.685131,2231459817.94682,314911.224386944,49788397-fb07-4a41-b67b-648a60592e4c
46,E06000049,Cheshire East, ,380510,363462,-2.29299,53.167931,1166357379.55325,301225.377394865,6931c42e-fccc-40e1-857e-b1bbc16c93e4
47,E06000050,Cheshire West and Chester, ,353097,363145,-2.70298,53.163361,920017992.370964,335615.350419094,3da27c2d-309b-433b-8018-b9755238c712
48,E06000051,Shropshire, ,350227,302960,-2.73667,52.62212,3197275381.12562,580650.678546705,8675de4b-6588-4d0a-a9d2-6f7a5946baa3
49,E06000052,Cornwall, ,212497,64493,-4.64254,50.450218,3548934061.30999,1241482.93654991,2f9e411b-b079-47ac-adc6-e1571fe92ec8
50,E06000053,Isles of Scilly, ,91327,11447,-6.30217,49.923321,16317752.815275,117979.580175925,5e0f04ed-3af8-46e4-a851-a721cd561767
51,E06000054,Wiltshire, ,405209,158863,-1.92661,51.328831,3255338123.71702,402006.968203755,3749d6ad-3c45-4a9e-a273-bc32f38d0cfa
52,E06000055,Bedford, ,505721,256463,-0.45463,52.196281,476408299.162025,131721.268581354,820ccc13-ae48-43c2-a9aa-dc8e6d8e984a
53,E06000056,Central Bedfordshire, ,504615,234492,-0.47754,51.999031,715665302.200668,232692.717694514,b608753f-c7cf-43d9-ac40-dd71fb840c1f
54,E06000057,Northumberland, ,395322,600699,-2.07523,55.300369,5032241479.11797,605343.105701498,da9c1bd0-3e9b-4808-ae79-861aa77c5774
55,E06000058,"Bournemouth, Christchurch and Poole", ,410815,94066,-1.84807,50.74609,162070065.513103,169172.238128129,504531a9-9d73-4f33-9e04-49f1ee2d8609
56,E06000059,Dorset, ,370871,99796,-2.41467,50.79697,2490956587.55173,594358.350017101,5dc04146-edbf-4f7f-8805-11a2d359f74a
57,E06000060,Buckinghamshire, ,482506,208561,-0.80569,51.769661,1564949144.27502,361853.598103103,63a0b41c-1c7f-4630-976f-62457956f80d
58,E07000008,Cambridge, ,545420,257901,0.126436,52.200169,40698794.9378357,37170.4431684224,839f9a73-682a-4cd8-9db2-d314c99875cc
59,E07000009,East Cambridgeshire, ,555576,275765,0.283149,52.35788,651286023.587433,234187.982764809,f0fdeaf7-3479-447b-8d55-51af564506f7
60,E07000010,Fenland, ,536361,294959,0.009016,52.535439,546450057.413757,187882.168208324,be073940-0d46-4b9f-b85b-6066819da61d
61,E07000011,Huntingdonshire, ,521008,274269,-0.2247,52.353149,912455239.158791,223338.133370288,4cf73cd3-c901-4e5b-8054-431c4d215f9b
62,E07000012,South Cambridgeshire, ,543295,247586,0.091017,52.108051,901624810.460892,257078.232674111,73c764a7-b6ad-400e-9db9-b34f2b11f314
63,E07000026,Allerdale, ,317520,532997,-3.2809,54.685242,1258305207.97623,326444.363180425,71272b19-a255-41f5-8749-f0a3aea907ef
64,E07000027,Barrow-in-Furness, ,321741,474165,-3.1999,54.15731,77897001.8645782,146480.18663425,6595c5aa-6281-43a6-916c-cfdb79b8215d
65,E07000028,Carlisle, ,348576,565154,-2.80498,54.978329,1038300028.98294,278415.522865302,df578aab-ea39-470c-81fc-3bfb1b9af020
66,E07000029,Copeland, ,310871,508739,-3.37664,54.466171,737631222.409073,252311.686999797,125ffe41-16df-4c8f-a194-7539face5ed4
67,E07000030,Eden, ,359636,526396,-2.62678,54.631069,2156474495.37575,268725.444007916,e097ddce-a5f4-486d-b856-daf917bf4725
68,E07000031,South Lakeland, ,349265,489555,-2.78108,54.29908,1554923591.81499,381861.979487713,3d7dd133-22f0-4c70-8242-43d2665623bd
69,E07000032,Amber Valley, ,436166,348084,-1.46219,53.028839,265437867.658676,109036.520389867,a6ee314c-e4ce-4cd0-bf7b-ba441fdcad1b
70,E07000033,Bolsover, ,448666,371548,-1.27228,53.23875,160334649.783722,96239.2025655061,974f14e0-0eb3-45e6-91b4-630ff947e900
71,E07000034,Chesterfield, ,440049,373359,-1.40115,53.255749,66035290.6851349,52617.7672509433,7f6eb091-48fd-40a2-965f-502dcf2bf736
72,E07000035,Derbyshire Dales, ,419697,358493,-1.70711,53.12326,795318063.268425,245475.846639971,b8b3b47d-2969-4185-855e-6bfb5ce13490
73,E07000036,Erewash, ,443721,338063,-1.3509,52.938202,109630046.234665,73547.560021871,a9a44168-7a2a-440a-95c7-a32c96d0c650
74,E07000037,High Peak, ,410474,387660,-1.84398,53.385689,540253999.811874,159632.998758142,d308af0e-b502-40c6-af0c-b4fbd21fd2fc
75,E07000038,North East Derbyshire, ,437369,362955,-1.44253,53.16243,275623524.396667,161243.879502127,296cbe47-7b26-4915-a5f0-8415b54429b0
76,E07000039,South Derbyshire, ,431443,325363,-1.5348,52.824902,338126970.276749,166693.264755192,dca86934-2607-4bf8-9aa5-15666769168d
77,E07000040,East Devon, ,313790,96050,-3.22359,50.757599,814245111.699057,219476.660418953,6467dc14-5cf7-4ecc-bd92-9d890aa617ab
78,E07000041,Exeter, ,293239,92005,-3.51368,50.717819,47033052.792345,50238.50611299,a78d5902-7668-4526-a799-147a931c4f96
79,E07000042,Mid Devon, ,288064,108911,-3.59212,50.86882,912897719.729147,246408.793542255,289ec7a0-de7e-4bf4-b1fe-3f33be2b6d94
80,E07000043,North Devon, ,265110,132532,-3.92691,51.07621,1085885640.93824,321555.597151286,aae8b169-38f8-48f7-9729-b68df9f0bd82
81,E07000044,South Hams, ,270676,54036,-3.81996,50.371948,886543613.374842,478864.108511524,eb233374-ab33-45a7-987c-0f24bd1014de
82,E07000045,Teignbridge, ,283144,80205,-3.65289,50.60981,673770656.969345,191464.027853355,2f09b551-dd9b-430b-9161-ae3af26e4cf9
83,E07000046,Torridge, ,244206,114334,-4.21728,50.907391,985293648.562691,315627.907057754,589497da-21aa-4dca-a2c6-d50e0bc9a76a
84,E07000047,West Devon, ,256376,86999,-4.03361,50.66489,1161107060.90437,254068.377875132,18c7dc87-2891-4161-b775-9e6114a2e14e
85,E07000061,Eastbourne, ,559339,99575,0.258516,50.773869,44161432.4838181,38032.2810407959,7ebecfdc-024b-4259-9794-2dbcee391a8e
86,E07000062,Hastings, ,581528,110694,0.578395,50.867241,29796091.996479,34102.1075516755,28ce509e-a3e2-4f54-a894-4dcd215d8a2d
87,E07000063,Lewes, ,541474,105686,0.007671,50.833408,292106798.641762,168359.913078745,4f706d5b-5731-4a9a-ad11-058827de45b0
88,E07000064,Rother, ,578721,119666,0.542937,50.948711,511753820.137012,180531.964127628,71b1fe93-7265-4587-93bd-19304eedf307
89,E07000065,Wealden, ,555048,117180,0.205156,50.93322,834948417.646038,225878.103797446,e409abcb-17fa-4738-a598-66bc0e00f20b
90,E07000066,Basildon, ,571548,190848,0.475055,51.590359,110001023.654701,85631.2104981444,ec372818-6b6c-4c87-94d6-efd52f46a413
91,E07000067,Braintree, ,577253,227335,0.575911,51.91634,611707973.504532,168686.435910164,1d1dfd6d-e0e8-4890-8af9-d89b8865846a
92,E07000068,Brentwood, ,558560,196070,0.290091,51.641079,153124048.30471,72339.4999846345,1d90e7e2-1bea-4ac3-9d7d-2a0ef36bf5ce
93,E07000069,Castle Point, ,579490,187920,0.588084,51.561588,44673525.29039,163452.231415359,100e042d-3016-4386-aef8-740b043bf269
94,E07000070,Chelmsford, ,572116,206972,0.491177,51.735031,342227520.456856,126395.550322856,461454e9-b0ac-43e4-9bad-f3ef892e5fda
95,E07000071,Colchester, ,596944,223693,0.859777,51.877022,332325214.702469,318168.311412226,93bd38f6-ff0e-465f-8218-4cf217a4bc6c
96,E07000072,Epping Forest, ,548919,203758,0.154147,51.712791,338984123.905182,123273.197785468,a0502b4f-9900-4f66-90bb-630658eee9e4
97,E07000073,Harlow, ,545276,209589,0.103888,51.76614,30537916.289032,28515.4568027146,75a1e896-0e58-4beb-b8a5-4150a4cb0b83
98,E07000074,Maldon, ,591413,212072,0.773106,51.774578,357815660.311584,469757.89528597,a6c3b852-cde6-4d52-baa9-acf1d4ca5841
99,E07000075,Rochford, ,585979,191417,0.683442,51.5909,167092822.289917,234542.800963639,e3f2d365-0b29-4a5d-866a-74854fc00c1b
100,E07000076,Tendring, ,614190,222141,1.108981,51.856739,336324463.963135,442525.131385732,07642a28-96db-49b0-897f-07bd69850669
101,E07000077,Uttlesford, ,557832,228865,0.294485,51.935921,641182922.73539,166507.865260072,51de9a0c-9935-4f1c-a4f3-8a35c8078d45
102,E07000078,Cheltenham, ,394925,222232,-2.07515,51.898609,46596069.2173843,38231.0639602267,a44118a7-951f-4993-a772-2143d64feecf
103,E07000079,Cotswold, ,402125,208209,-1.97059,51.772549,1164524415.18058,332445.324069323,28cb41e6-4b4c-4eea-8e04-e9782aa40a2c
104,E07000080,Forest of Dean, ,367175,212759,-2.47755,51.812489,525902190.804951,190129.099386614,0882801c-8dab-41e5-9337-7a86f8b99f68
105,E07000081,Gloucester, ,384071,216449,-2.23263,51.846409,40553089.2745819,33539.6843710177,f786e70e-c572-41bb-a8e3-3662fb46f4a4
106,E07000082,Stroud, ,378807,202410,-2.30818,51.720009,460541975.213142,172782.192867586,7891c4bd-047c-4919-ac7a-6b17c80ee8d1
107,E07000083,Tewkesbury, ,386347,226279,-2.19998,51.934849,414414321.091774,204835.933707647,b6fae1b6-7ebb-4d3b-84e6-e6a2c0a822b5
108,E07000084,Basingstoke and Deane, ,454508,151423,-1.22021,51.259369,633817172.00264,143437.384228918,9844111b-09b8-4b0c-ac47-65d5d24777c6
109,E07000085,East Hampshire, ,474404,129237,-0.93971,51.057652,514432074.86327,144540.791479266,8d396316-ef8e-4de4-8bb8-ab045d235953
110,E07000086,Eastleigh, ,447202,116802,-1.32943,50.948719,79678662.3917503,75889.8885924891,a933bc99-deab-4689-9893-1dc0d2b34838
111,E07000087,Fareham, ,453774,106319,-1.23742,50.853882,74256780.7453537,66342.6511246334,e84f4296-1b21-4328-a8b2-1f1fd35bb7a4
112,E07000088,Gosport, ,458769,101088,-1.16731,50.806358,25373863.8127213,40199.0473902805,77eabce8-7f11-4794-9334-abd17bb87637
113,E07000089,Hart, ,477985,154240,-0.88321,51.281971,215265080.341194,77847.8295539032,39f17dd9-a3c9-4c38-b7be-9d87ea132444
114,E07000090,Havant, ,470178,108564,-1.00398,50.872311,55739600.0487061,115626.17020584,39c7cba4-65d2-4c16-9866-4898e99942cb
115,E07000091,New Forest, ,428748,106521,-1.59293,50.857479,752175262.268005,332044.023252543,d3bf10ec-897e-45f0-8a50-f1bffde8729c
116,E07000092,Rushmoor, ,486022,153944,-0.76807,51.278149,39045039.7608566,31893.0015033179,60ccf21d-1cb8-42cd-b26e-9555910bc184
117,E07000093,Test Valley, ,434930,137329,-1.50214,51.134171,627595190.718357,190816.352551875,e4c0a11a-9a54-42e9-9877-4acb330acfd7
118,E07000094,Winchester, ,453115,125901,-1.24393,51.030022,660970090.904594,172158.212213579,a86b19bc-99ef-4c16-a7a3-f4fbbb7dfa22
119,E07000095,Broxbourne, ,534742,204251,-0.05073,51.720798,51442303.5951157,39068.7457937671,ef74a077-553d-483c-88e5-a12d3a07607a
120,E07000096,Dacorum, ,500084,208745,-0.55098,51.768452,212476397.682617,110103.830872474,3c7e970f-6dc5-4b49-bbf2-d749cee38ff0
121,E07000098,Hertsmere, ,519774,199352,-0.26899,51.680168,101128162.74398,61228.1638486128,051341c5-ad7f-4f70-907d-5072f24c616e
122,E07000099,North Hertfordshire, ,522192,230256,-0.22314,51.957378,375382315.818092,168316.826377509,512323f0-0372-4cc7-9072-818aeb1be703
123,E07000102,Three Rivers, ,507313,196418,-0.45005,51.656319,88824172.1165085,74112.6323982524,d69dc0d0-f791-4ae9-ba11-cfb4d959a30f
124,E07000103,Watford, ,510441,198197,-0.40429,51.6717,21430351.4039917,26392.3637917563,15fc6b50-2da0-4b95-8aa5-febc409c7793
125,E07000105,Ashford, ,597640,140644,0.823374,51.130959,580617312.65593,149446.491111581,bfd6098a-8fbc-4f05-b87d-9ec22cd528b9
126,E07000106,Canterbury, ,616032,158096,1.096342,51.281021,308752567.217949,134481.878863404,9aa7dd04-53a9-49d8-b9b9-d5c4a6a15264
127,E07000107,Dartford, ,556167,172917,0.245276,51.433731,72725577.0930023,57309.4061272107,c5fe5c7a-6b73-41e3-ac3b-fe528216e788
128,E07000108,Dover, ,628964,150942,1.276887,51.211761,315337967.026192,148160.889608644,6e9f998f-a82e-4228-8b98-2368545fabe1
129,E07000109,Gravesham, ,566969,169114,0.398744,51.396488,98991345.0272446,60516.799156089,91a6bfac-8aeb-4163-ad63-15ccc8586489
130,E07000110,Maidstone, ,580489,151670,0.584061,51.235661,393329520.923592,122980.730512035,aa958a5e-4ffc-480d-b53d-5f66f467cfa8
131,E07000111,Sevenoaks, ,552776,155218,0.188936,51.275631,370346872.084991,134435.514922541,8854b0af-39af-49f5-9f20-a09862aff2dc
132,E07000112,Folkestone and Hythe, ,610318,134595,1.000795,51.072128,356921037.577881,148969.584540584,ebe2afa0-60ec-4615-b49f-96acd85c4f2a
133,E07000113,Swale, ,593583,161818,0.776893,51.32251,373436671.263466,347838.123543425,c9f0b93e-69fc-4538-a357-b23e51c7b2b3
134,E07000114,Thanet, ,631839,166752,1.328226,51.35252,103609165.853149,65350.7692378735,add384ce-82b4-4cd6-80fe-37a7e6b06ae9
135,E07000115,Tonbridge and Malling, ,564014,153898,0.349306,51.260639,240114268.776367,133211.401830685,5cb4fb25-4dbe-4945-8247-3c549d76e37f
136,E07000116,Tunbridge Wells, ,573139,136599,0.471632,51.102539,331328854.676559,150590.455017113,0d9f5bdb-40a5-4dbd-bb79-58a15f5ef9e0
137,E07000117,Burnley, ,384886,430882,-2.2308,53.774059,110684000.23999,57764.5705752293,df751aac-8a67-4710-a273-60d8f407d038
138,E07000118,Chorley, ,359189,419724,-2.61921,53.672401,202762137.791611,114515.919059753,938ee5e0-f491-4449-a682-fd3eb27991d5
139,E07000119,Fylde, ,339554,433811,-2.91914,53.797089,165696809.267105,138118.575679066,fcc9782b-8eff-4237-a944-faf4858f7e80
140,E07000120,Hyndburn, ,374407,428971,-2.38964,53.756481,72997474.3942413,42655.491105425,da82410a-6b7c-4deb-9576-eceb18149b24
141,E07000121,Lancaster, ,356896,464988,-2.6603,54.07901,566935933.498932,345349.753588745,dbd0ec71-507c-4493-aaaf-42dff967b771
142,E07000122,Pendle, ,387637,443368,-2.18957,53.88636,169380092.197495,79243.8077162666,65f9386b-adeb-4fd3-9f5c-839e031f1e21
143,E07000123,Preston, ,352825,436432,-2.71809,53.822021,142284180.476532,82804.97190606,c2da7302-07ce-4ea6-bfe7-3c49236da917
144,E07000124,Ribble Valley, ,372687,447676,-2.4174,53.9245,584471489.092773,150499.986105046,6d38a960-325f-4c9c-b99c-026e9c0dfc75
145,E07000125,Rossendale, ,382827,420955,-2.26149,53.68478,138040909.285782,71149.8048128717,1c53e970-c62a-4722-a91f-0af4c847b032
146,E07000126,South Ribble, ,352017,425840,-2.72871,53.726749,113141865.943527,105352.200645435,9af6528f-f722-4115-8c71-29cb4f35ca8a
147,E07000127,West Lancashire, ,342611,413270,-2.86893,53.612831,346632973.138908,227324.791265289,d97083d6-adb9-4f3e-bf63-670dd2918c60
148,E07000128,Wyre, ,347295,445159,-2.80359,53.89991,282164815.237045,212730.866956257,71b37a1a-7eeb-4036-ad41-640dd931e575
149,E07000129,Blaby, ,454385,297994,-1.19887,52.577061,130468676.862396,100819.966891319,31b75a63-663a-46d2-9746-f06d215e0eea
150,E07000130,Charnwood, ,458365,316155,-1.13694,52.739899,279042271.327164,115474.39092268,a6b5e4a8-c7b8-4812-9116-6ef81d1f3178
151,E07000131,Harborough, ,474549,293875,-0.90229,52.537659,592692049.699936,185950.91196804,9f60dc2e-689d-423b-8d1a-39689c6a792d
152,E07000132,Hinckley and Bosworth, ,439538,301379,-1.41755,52.608768,297351486.796867,111546.30241847,eb6d01d3-c1a5-4f85-9396-e950df6a5968
153,E07000133,Melton, ,477328,323472,-0.8544,52.803291,481380515.19165,140629.640964372,3eed2290-7128-4c22-bb5f-aabb1307a84f
154,E07000134,North West Leicestershire, ,439111,316252,-1.42209,52.7425,279328072.743774,116453.203897831,c8f6b338-5f14-4935-9e22-652827188c53
155,E07000135,Oadby and Wigston, ,461543,299379,-1.093,52.588749,23526096.6869583,31172.0311908166,c548f5a7-17c2-4a37-a990-59cd9b8c2be4
156,E07000136,Boston, ,526851,343953,-0.11218,52.97794,364008625.003387,440529.634676711,2178dfee-4dce-47a2-adfe-f079cefcc01b
157,E07000137,East Lindsey, ,534861,376064,0.020516,53.264462,1766773260.12592,373175.597365923,99361d8c-652d-4450-96be-a634cf8d4864
158,E07000138,Lincoln, ,496347,370096,-0.55848,53.219212,35690272.5726776,32969.8765973623,475cb98a-5cc9-4b49-a080-aa22102dee7c
159,E07000139,North Kesteven, ,502135,354788,-0.4767,53.080582,922471388.546295,181807.859532354,dc3992ad-34a7-402a-8901-9cfea414e0cd
160,E07000140,South Holland, ,532910,322928,-0.03057,52.787579,750076115.049194,438385.338919504,04a829fb-91b9-4a3f-8757-8d3c09758cb0
161,E07000141,South Kesteven, ,501406,328986,-0.49565,52.84885,942585797.657043,209816.520260682,3f8e7807-d379-4cc8-b3e7-f6464b6b1e7d
162,E07000142,West Lindsey, ,499314,390326,-0.50774,53.40044,1155731959.77531,249630.856354359,634226c4-adae-4272-a544-bd2146532a51
163,E07000143,Breckland, ,591015,303330,0.818716,52.594212,1305116639.16772,239527.753628791,e7eef4b2-caba-4a1f-9ad2-4cbffb6c78ea
164,E07000144,Broadland, ,619864,315909,1.252317,52.69622,552060636.329758,219128.240393652,c84c7dfc-0d34-448e-9201-7b36ec1a5be1
165,E07000145,Great Yarmouth, ,646761,315881,1.64951,52.684391,174314101.796478,145908.156783615,d8f485df-4c9f-4efb-8860-fe894be5d461
166,E07000146,King's Lynn and West Norfolk, ,571219,315805,0.533243,52.71283,1439522814.64915,695921.238562767,6f3dbc6f-224b-443f-a464-651544201b01
167,E07000147,North Norfolk, ,611076,330857,1.132099,52.833889,967553236.500137,600214.349571135,5315e82e-ea6e-4648-bf47-2ae2b72ddc0d
168,E07000148,Norwich, ,622355,309773,1.284979,52.640129,39021966.3111877,52686.6307096358,0049562a-6290-49ff-a6ec-fc1cfcb0fc12
169,E07000149,South Norfolk, ,628990,295823,1.373233,52.51218,907576579.766342,266872.668363162,fdec1ac9-e704-4eed-bbc7-4b1524de8051
170,E07000150,Corby, ,487862,290681,-0.7069,52.506969,80280903.134903,66291.6315252922,a94fa2c0-a005-4ca6-92b2-97895ead90db
171,E07000151,Daventry, ,467286,268437,-1.01447,52.30994,665600468.850784,181982.944966609,7136ff9c-5edf-4029-8610-96d21b173d65
172,E07000152,East Northamptonshire, ,501344,287839,-0.5092,52.479092,509787257.638412,163229.120046976,ac82d103-7620-4c58-961d-426ccd492578
173,E07000153,Kettering, ,483866,282852,-0.76773,52.437229,233489923.713371,100689.501131667,eeb22c21-8a82-49c4-b45b-bea124372c1e
174,E07000154,Northampton, ,476495,260539,-0.88121,52.237751,80771938.7917023,46341.5244265946,5db2e631-5634-4961-8795-4171151a5f10
175,E07000155,South Northamptonshire, ,463000,247077,-1.08129,52.118439,634023185.055504,225304.988901925,9f91fcc3-6a23-41ae-9b2a-1649e398ded5
176,E07000156,Wellingborough, ,487787,266827,-0.71425,52.29258,163036490.492737,69758.4194633593,f6070ef4-c8a3-48c9-b6c1-73dc7d536447
177,E07000163,Craven, ,389513,461989,-2.16168,54.053761,1178807442.4912,199883.769775132,9efd632d-c537-44bf-ad19-fb11ab9f134e
178,E07000164,Hambleton, ,443009,490546,-1.34049,54.30872,1311228139.76031,298519.898029624,b6c927b5-e25d-4db6-8c68-c0f3907d4a29
179,E07000165,Harrogate, ,427473,464652,-1.58161,54.07708,1309127592.76326,246964.624152108,0238aa4b-7d7e-4033-8aa8-623dc622f270
180,E07000166,Richmondshire, ,401039,495786,-1.98552,54.357609,1318707276.30345,221710.071604986,a742489b-c46e-497b-92ea-15cf06bbabc0
181,E07000167,Ryedale, ,475590,478890,-0.84277,54.200211,1506593776.95184,249894.293084848,ab48c4e4-8bf4-448c-a7cc-540b2ab85d38
182,E07000168,Scarborough, ,495798,495548,-0.52778,54.3465,816188420.860016,241939.745649549,28c43100-3f8b-4ed4-9d37-144cab1ee55d
183,E07000169,Selby, ,457551,426670,-1.12908,53.733269,599310809.427322,264869.301668663,fc2dfd59-d035-452d-97cd-26a7f7fe1c05
184,E07000170,Ashfield, ,450035,355843,-1.25422,53.097469,109557941.105591,69174.849419641,65b71757-ead4-4ed9-922b-35d903d2ba19
185,E07000171,Bassetlaw, ,468073,384835,-0.9787,53.356041,637803646.208908,159734.777561217,25a90c85-245c-4614-adaa-dcdddc61385c
186,E07000172,Broxtowe, ,449829,341893,-1.25944,52.972099,80098837.1290741,65999.832799265,a2caa1de-0628-4edd-a768-ae478d31c03d
187,E07000173,Gedling, ,459184,347811,-1.11907,53.024342,119981505.01741,69754.6737639722,9ec9637f-be88-4253-8530-01f28a9de431
188,E07000174,Mansfield, ,455047,363637,-1.17804,53.16703,76696898.5856018,51090.8571646592,41576c60-84e2-4a38-8436-13953068e504
189,E07000175,Newark and Sherwood, ,470624,357451,-0.94643,53.1096,651340472.135483,187422.523890761,74e6596e-70d1-4a27-84cf-49343d376edb
190,E07000176,Rushcliffe, ,466606,335453,-1.01097,52.912399,409231535.283997,123324.432735946,4c757784-68ff-47e6-8b02-b7682184efdd
191,E07000177,Cherwell, ,449301,221201,-1.28506,51.887199,588741170.216385,225626.55429416,823f334b-fcb8-4077-ac94-e988ce0d95f2
192,E07000178,Oxford, ,452277,206368,-1.24405,51.753571,45602912.6826553,34999.6552171394,060bc0f8-cbc5-4bb0-ab31-416ce0c97a6f
193,E07000179,South Oxfordshire, ,463890,191964,-1.07847,51.622879,678521428.230247,205400.226547404,07645755-469b-43e5-95c2-7cfde1e9680f
194,E07000180,Vale of White Horse, ,435693,195197,-1.48543,51.65443,578660264.151001,175977.202781973,b39f1a44-a720-41cf-98f3-b81fec70994a
195,E07000181,West Oxfordshire, ,434343,215816,-1.50292,51.839901,714422027.138489,160247.897555111,2bae7fa3-f649-4a11-9957-1eaf55d5b937
196,E07000187,Mendip, ,362238,144090,-2.54178,51.194759,739435423.569157,198850.077405169,51c4000d-cbb1-48e2-87b4-adf266bc650f
197,E07000188,Sedgemoor, ,338429,143998,-2.88246,51.19186,564223849.990147,258007.354960543,4d590e75-acbc-4352-93bf-f46d04c9f7ab
198,E07000189,South Somerset, ,345633,120798,-2.77588,50.98399,959040237.320454,241317.05122487,c4bc8fd3-a030-4dbb-a096-c2dfb88d7d34
199,E07000192,Cannock Chase, ,401261,311553,-1.98277,52.70166,78882570.4931564,50127.6044538489,fea1b697-2c7b-4d1b-8899-589b1ae22838
200,E07000193,East Staffordshire, ,412601,326569,-1.81438,52.83651,389987162.124039,183696.3968093,d1baad0d-3016-4715-8b77-51a44fa138a2
201,E07000194,Lichfield, ,416283,310967,-1.76049,52.696152,331294334.023994,127468.406693592,b088c31a-4c31-4568-9e5a-327a603b9d26
202,E07000195,Newcastle-under-Lyme, ,378199,345174,-2.32631,53.003448,210957319.41449,108259.286644032,7687c0d8-31fd-4ec8-9422-cccfcdcd1171
203,E07000196,South Staffordshire, ,389625,311037,-2.15495,52.696918,407322253.354774,184894.339545134,40d1a08e-16fa-4a1c-9619-a241e860eeae
204,E07000197,Stafford, ,389001,327836,-2.16475,52.847919,598172233.422142,159078.806627588,b89cf42e-a1c7-45f9-b642-11ac4ce4c2f4
205,E07000198,Staffordshire Moorlands, ,400543,352443,-1.99334,53.069241,575849820.801346,152448.185289632,d15b2894-110e-4c96-b7ed-6d5dc02e4838
206,E07000199,Tamworth, ,421455,302550,-1.68451,52.620312,30850716.1910477,30730.0625358975,846a6a1b-e20a-4e74-86cc-45c2a4737a09
207,E07000200,Babergh, ,599987,244692,0.916149,52.064499,595116563.755402,210447.822242864,c562cb3a-f074-4fea-a41d-78ad224acf66
208,E07000202,Ipswich, ,617161,244456,1.166145,52.05592,39509794.6377106,45342.341816847,56df1b84-bf53-46f5-9cce-b9b2e2625c85
209,E07000203,Mid Suffolk, ,611646,262338,1.096953,52.21859,871070645.727509,191154.673181977,327f0ddb-2368-4778-84a4-eb0ff10becc8
210,E07000207,Elmbridge, ,511882,163658,-0.39441,51.360981,96334275.3880692,52206.1263725069,1ebe1dab-94f6-40bf-bc3b-9ed15c9818ce
211,E07000208,Epsom and Ewell, ,521176,161475,-0.26172,51.339451,34079152.961441,28503.7008598138,841accea-4198-45b1-ac72-6499e9ddd050
212,E07000209,Guildford, ,500408,151481,-0.56257,51.253658,270931189.746185,128414.49636405,74e21f57-716e-424f-b221-d7581202d4d6
213,E07000210,Mole Valley, ,518377,148953,-0.30603,51.227489,258320953.453102,105403.178834248,f0741293-6c50-4fb1-b7fe-c75803d32c54
214,E07000211,Reigate and Banstead, ,525786,152574,-0.19871,51.258461,129143925.108719,79923.6802028829,2726e5e4-d6f0-401c-be2c-ed6996b267a9
215,E07000212,Runnymede, ,501777,166979,-0.53855,51.392731,78040686.1842957,45677.4092821163,164b1be5-9c87-4249-9e1f-67674eef5065
216,E07000213,Spelthorne, ,507012,169622,-0.46254,51.41552,51161362.5424957,44134.5375970843,8c78d151-9e5f-4897-a133-2f6d06bb448f
217,E07000214,Surrey Heath, ,491362,160483,-0.68986,51.336102,95092959.1735306,53559.7241713486,f16bc285-59aa-422e-acfc-8dd79437bfc7
218,E07000215,Tandridge, ,536365,150325,-0.04805,51.235809,248194569.372208,83136.9028111189,a3c54ff6-4fd2-4a69-be62-7bdc3ea748a6
219,E07000216,Waverley, ,496363,140635,-0.62343,51.15686,345170236.682968,125436.056342797,05c16274-3a1d-4219-8c9f-6b56288fd36b
220,E07000217,Woking, ,499087,157542,-0.57982,51.308369,63603603.8398819,54781.5015969548,c2e051ec-1f29-4063-bab1-6e99d6c14ab5
221,E07000218,North Warwickshire, ,425570,296399,-1.6242,52.564838,284261503.632591,113230.602622705,11d89505-5ff1-4b7d-b736-a5f1a7ca3b9e
222,E07000219,Nuneaton and Bedworth, ,435419,289352,-1.47965,52.500938,78950291.8135986,48148.7091081878,1e967d68-240d-4b8e-8295-6d8a39740010
223,E07000220,Rugby, ,446498,276244,-1.31828,52.382278,353557281.061531,115093.651913589,dfa1baaa-1033-405e-82de-7fee1330b245
224,E07000221,Stratford-on-Avon, ,425019,251536,-1.63565,52.161541,977869054.961143,261384.087208839,4cf6cb7d-6699-4811-bfcd-32e1bf990896
225,E07000222,Warwick, ,428484,267113,-1.58369,52.301418,282882321.015724,116717.479258951,82de4464-6b4b-441a-945a-27c551c65c55
226,E07000223,Adur, ,518076,106472,-0.32417,50.845718,42065495.865715,60515.7048534189,95b8a4dc-1413-4bd7-b89e-936ed81c450f
227,E07000224,Arun, ,495144,105723,-0.64999,50.843208,220991201.463837,156498.064172033,dfb1f493-28fb-42a4-91d3-313b99d04b43
228,E07000225,Chichester, ,490285,116600,-0.7163,50.941769,786194870.30822,297274.786304592,8d85d32f-0266-49fa-a123-f10ff142339b
229,E07000226,Crawley, ,526390,137581,-0.19533,51.123569,44971204.9725723,38799.7232795746,d746ab4c-cf13-4d32-bbb2-de76189c40a7
230,E07000227,Horsham, ,513674,123840,-0.38126,51.00272,530278363.73872,215760.176955472,35bbacba-f88f-4b1a-91e0-d7af6e2a55d0
231,E07000228,Mid Sussex, ,533054,130623,-0.10272,51.059528,334029222.418823,132912.373445891,3ec54c43-45b5-4dae-b5e0-e0414accbe31
232,E07000229,Worthing, ,512679,104948,-0.40127,50.833099,32521007.7956963,29462.139044102,bb66f408-94d0-49cf-8db0-8b7d94a4e7d2
233,E07000234,Bromsgrove, ,399840,273736,-2.00376,52.361691,216968481.075821,113135.446682073,645d9035-6f86-4d6a-94e0-088ca8c9a8b1
234,E07000235,Malvern Hills, ,377465,252197,-2.33089,52.16758,577070981.750603,230605.757082861,09c2ff0f-2603-4ee0-bacd-9dbf944752dd
235,E07000236,Redditch, ,403705,265253,-1.9471,52.285412,54250912.0737,41301.8190573028,030e5db3-4de3-4165-8d50-0dea1591f21a
236,E07000237,Worcester, ,385725,255196,-2.21025,52.19482,33278125.0239334,31263.0662760257,0a4712f1-3176-4bc6-9e11-baf7383d292b
237,E07000238,Wychavon, ,398991,247839,-2.01614,52.12886,663541973.606331,219520.151560152,3ce7ba8e-a907-4d68-96eb-5c591746dcae
238,E07000239,Wyre Forest, ,384106,276388,-2.23494,52.3853,195403719.201675,100867.383930268,df1c8352-2f45-4204-bb5e-9a179ac93def
239,E07000240,St Albans, ,514580,209623,-0.3407,51.77356,161205874.059509,72946.341585275,d1df0709-3336-4a58-ad96-8069e9df7144
240,E07000241,Welwyn Hatfield, ,525345,208467,-0.18518,51.760872,129536895.734268,82392.059645099,252e859f-4609-444a-9faa-224da8645208
241,E07000242,East Hertfordshire, ,537995,220370,0.002739,51.864849,475669101.994827,135188.279171722,a3add400-8fbc-4eb8-b557-484ee57c5e3c
242,E07000243,Stevenage, ,524622,224531,-0.18987,51.905392,25969241.2793503,28588.26135758,dd7a4b57-0a15-4f50-a3d3-f296e53cb37d
243,E07000244,East Suffolk, ,636043,266272,1.456186,52.243992,1260989609.73282,584787.509022941,50e75f2a-df4a-446e-9af9-0939ca25c743
244,E07000245,West Suffolk, ,580944,271124,0.652769,52.308418,1034675784.57635,274547.779729502,6369510f-d311-4f53-8064-5d70b9055218
245,E07000246,Somerset West and Taunton, ,304960,130228,-3.35766,51.06348,1189084422.93219,288679.331038263,d93c4cd6-dfc5-4f26-ba04-bb094b3c52fe
246,E08000001,Bolton, ,368352,409873,-2.47952,53.584492,139792042.627411,82647.1577312719,5ad9be3e-1a86-4836-8ca2-438e15ee5dec
247,E08000002,Bury, ,379658,410768,-2.3088,53.593102,99460126.9021149,68541.7597922071,c1c4c366-7633-481c-a9cf-d2a858d333f7
248,E08000003,Manchester, ,384591,397063,-2.23359,53.470089,115648368.021378,86856.3996025172,4a4a9c2e-95b7-4507-ab6f-3aab6bfd8aad
249,E08000004,Oldham, ,396603,406784,-2.05274,53.557678,142344917.304245,71165.7315377079,c7f093fa-5d51-46ac-a171-c8d45ee2c78a
250,E08000005,Rochdale, ,390315,412326,-2.14784,53.60741,158128175.083603,82713.1547276819,b2df148f-e728-43c7-b73e-46dae72a389b
251,E08000006,Salford, ,374556,398128,-2.38485,53.479271,97197278.8186951,63268.7941178635,45ef4d29-618c-4455-97a9-8a25e25fcd36
252,E08000007,Stockport, ,391806,388264,-2.12467,53.391159,126040311.082306,73638.7202371357,ce1269b7-c4cb-4186-b9d8-7abc38c8852f
253,E08000008,Tameside, ,394987,397995,-2.077,53.478668,103154292.392563,55989.0752712242,31c54314-0b7a-4991-9d6f-93a586343b48
254,E08000009,Trafford, ,375790,391162,-2.36572,53.41671,106044612.389526,60718.087212357,5e9f78ec-ebd3-43fc-9bc5-4498f2262c62
255,E08000010,Wigan, ,362136,402126,-2.57247,53.51445,188171013.043839,88690.4959013722,723af555-e921-45fa-b343-e107f98ebf9f
256,E08000011,Knowsley, ,344762,393778,-2.83297,53.437881,86500060.7558289,68167.3691636951,30d23064-56a5-4af4-bf42-2c3b34260807
257,E08000012,Liverpool, ,339361,390553,-2.91364,53.408298,111835572.266167,62699.7511420456,406a7c20-e28c-401e-ae09-c8012ffc37b1
258,E08000013,St. Helens, ,353412,395992,-2.7031,53.458618,136358792.987114,76387.0358430372,9152c2b3-0359-4868-859b-1e3bb8663000
259,E08000014,Sefton, ,334282,398832,-2.99177,53.482101,156578243.780647,130345.901601814,3e301456-b0ea-472f-99f1-e5e3e3d8fd7d
260,E08000015,Wirral, ,329110,386965,-3.06701,53.374779,160922014.259644,133924.463118411,4ac37070-6df6-4a7c-a542-0fc76ed3201a
261,E08000016,Barnsley, ,429979,403327,-1.54925,53.525768,329077594.567337,126421.141800593,a785260b-c9ad-45e8-af26-54e17ddd1e3f
262,E08000017,Doncaster, ,459167,403735,-1.10894,53.52697,568022257.267258,171070.334828116,3521fe24-8a1b-4b4a-ba35-3c9450967d51
263,E08000018,Rotherham, ,447542,388980,-1.28651,53.395531,286534367.629196,106151.964217974,c29c51a8-f321-4b85-bdd8-7539f6176dc2
264,E08000019,Sheffield, ,430511,389736,-1.54254,53.40358,367930014.56987,132837.29922892,9c47c25f-7c19-48ab-909a-03c91f7c7b7e
265,E08000021,Newcastle upon Tyne, ,422287,569662,-1.65297,55.021011,113456206.571869,65248.5600650575,ce0f6510-f18a-4e20-aff2-48a210741ba0
266,E08000022,North Tyneside, ,431471,570602,-1.50923,55.028961,82313734.6888123,65337.7810807919,bbfec26f-4b27-4c3a-8873-0a38d4e3eca7
267,E08000023,South Tyneside, ,435514,564057,-1.44679,54.969879,64420347.8129425,51335.291450015,80092f12-a3b4-4e42-b263-dff69f66f572
268,E08000024,Sunderland, ,436470,551524,-1.43344,54.857189,137436256.524902,99824.7463853806,9904e44a-5991-4c0a-bc01-88bdd2cc125c
269,E08000025,Birmingham, ,408150,287352,-1.88141,52.484039,267791059.936584,106260.720206501,aeeb83ee-9af7-4228-9754-a1bc66fbb50f
270,E08000026,Coventry, ,432807,279689,-1.51908,52.41423,98639059.7931366,54057.3813145351,630ee63b-759d-4c4f-a2cf-0e84dbdf754c
271,E08000027,Dudley, ,393191,288584,-2.10171,52.495129,97958242.9750824,75382.3296507901,cacd9a71-446b-4957-b968-55c7ea775463
272,E08000028,Sandwell, ,399573,290764,-2.00771,52.514771,85558928.1592102,59211.0030546085,6aef6450-3555-4ac1-9a2a-3b2071502755
273,E08000029,Solihull, ,419434,281483,-1.71558,52.431,178282115.900864,101031.448719484,6d181f3e-b1e6-4aaa-b0f1-9518f4ad7b66
274,E08000030,Walsall, ,402098,300804,-1.97044,52.60503,103973538.34642,59401.1794285967,1a11f8a7-4776-4d5c-bc53-7fb3f8545e92
275,E08000031,Wolverhampton, ,391463,300016,-2.12746,52.597881,69436711.825882,56054.9143822833,8fbcf36d-b475-4fdc-a259-aa2d5348b0a9
276,E08000032,Bradford, ,408395,438626,-1.87389,53.843819,366419741.977783,135920.613224069,1b8d7f79-922d-4455-977a-32d92d1813a3
277,E08000033,Calderdale, ,402617,424896,-1.96182,53.720482,363960989.528656,107687.458147596,a3fe4611-ec6a-4cef-83b8-049b1a3e7fae
278,E08000034,Kirklees, ,414586,416223,-1.78085,53.64233,408551664.068558,125668.531365489,1e6e64ce-6d00-44ad-8f6f-afdb890aa6f2
279,E08000035,Leeds, ,432528,436384,-1.50736,53.822731,551706537.384094,161521.909360468,8c70db34-83b5-4b5e-b0e4-82b2b0e5a3a3
280,E08000036,Wakefield, ,438366,418235,-1.42092,53.659222,338619733.166885,109447.356421581,2a2871a9-eaec-4c76-b299-cbb2ab56d2f5
281,E08000037,Gateshead, ,420168,559658,-1.6868,54.931198,142359279.257111,89671.9818662048,16f2f9fd-9fbd-448b-b3d7-23e480bc6dac
282,E09000001,City of London, ,532382,181358,-0.09351,51.51564,2889679.52843475,9404.7189734159,8e0d9e64-3832-4cc6-b972-d688e157e7f4
283,E09000002,Barking and Dagenham, ,547757,185111,0.129479,51.545551,36101385.2155228,40936.5576203607,fa692954-0342-4023-9f57-4bc871e76063
284,E09000003,Barnet, ,523473,191752,-0.21819,51.611069,86766703.2361679,50937.7781770676,383d2b19-3c13-4b2e-b31a-c9cc93befa4f
285,E09000004,Bexley, ,549202,175434,0.146212,51.458221,60578408.5837479,47959.661576092,ee640030-5c78-412d-a7e2-c81ec9f2fa7e
286,E09000005,Brent, ,519615,186465,-0.27568,51.564381,43236365.6407852,38441.5566438278,6bd421ce-e2a6-4c97-a393-37d6df66c03f
287,E09000006,Bromley, ,542036,165707,0.039246,51.372662,150132482.281601,76226.2639333138,a3cea330-6075-4931-8ce1-2fa73a7c873e
288,E09000007,Camden, ,527491,184283,-0.16291,51.543049,21778578.4032974,26245.7759639715,4d3de5ee-a9f2-41e9-a950-49233eacf5fd
289,E09000008,Croydon, ,533922,164744,-0.07761,51.365971,86488720.7553558,58721.4172176353,769edff4-5ca7-4796-ac82-7f37cbc64c3c
290,E09000009,Ealing, ,517055,181959,-0.3141,51.524422,55542068.9907303,47461.8198671828,2515bb6f-f958-4bb5-a27e-1bd287e6a6d0
291,E09000010,Enfield, ,532831,196198,-0.08144,51.648891,82190329.4625702,41091.477198111,b23b3b47-caa3-4f26-89fd-8480a9402a82
292,E09000011,Greenwich, ,542507,175878,0.050093,51.46394,47311234.5875549,47635.677255932,a6dd052c-ba77-46fe-bf8d-fe5237f580dc
293,E09000012,Hackney, ,534560,185787,-0.06045,51.55492,19043878.1202545,25441.8406022622,612b8c52-041f-48f8-bc50-c3165ee874e3
294,E09000013,Hammersmith and Fulham, ,523867,177993,-0.21735,51.487331,16403289.0856323,24008.1928433655,5e7cdce8-1dfd-45bf-91a5-5fb144e72268
295,E09000014,Haringey, ,531260,189349,-0.1067,51.587711,29606188.7568893,29085.5089573246,52d07ec7-03f2-4dbb-8091-86e7912b72a5
296,E09000015,Harrow, ,515359,189736,-0.33598,51.594669,50464270.3934402,33811.7912858702,b874cda3-4d0f-4d8a-918f-e65607251a9d
297,E09000016,Havering, ,555032,187514,0.235368,51.565189,112343559.074265,63722.8138539856,75c857d9-404d-4108-b5ee-89d5537a576e
298,E09000017,Hillingdon, ,508166,183121,-0.44182,51.53664,115704360.847534,63941.2177015763,e015b016-153c-475e-ba73-e2191bc07ebb
299,E09000018,Hounslow, ,512737,174959,-0.37855,51.462379,55962868.4249954,64534.2567907746,576440a4-db14-485b-8927-d6ec4b5a4290
300,E09000019,Islington, ,531160,184645,-0.10989,51.54546,14858041.7195892,20747.740080408,119b96cd-e54e-440a-a043-9ad803fe52c5
301,E09000020,Kensington and Chelsea, ,525756,179058,-0.18977,51.496479,12123771.7077637,21063.0378854621,89e17a0e-cb08-4d53-a2ab-ff000949e70a
302,E09000021,Kingston upon Thames, ,519508,167389,-0.28367,51.39296,37259416.9986115,37549.9473523821,7664b568-22e6-4f68-ac44-608062354753
303,E09000022,Lambeth, ,531118,175629,-0.11385,51.464451,26807014.3011246,34049.095398965,eaa6869d-0a2f-4d3a-b2d6-1b4873ed6d78
304,E09000023,Lewisham, ,537888,173343,-0.01734,51.442299,35146120.8752136,41215.4063176086,c0f2d2d5-12d5-409e-ac25-d9b5a98175b6
305,E09000024,Merton, ,526068,169508,-0.18868,51.41058,37624038.4065247,32439.937851254,2e6632d7-ca1b-4353-b0aa-1e7029dd1c03
306,E09000025,Newham, ,540713,183346,0.027261,51.53149,36195900.842514,35881.6919029895,f60e4aa7-f9f3-4fcf-8cdb-5b4e0664435b
307,E09000026,Redbridge, ,543512,189477,0.070085,51.58588,56397394.5273514,50492.9827961797,4963a1b5-1fd9-4c9c-9f21-ed4b9db5f423
308,E09000027,Richmond upon Thames, ,519005,172650,-0.28914,51.44035,57392804.9392624,68933.3556914659,7c461760-4594-45dc-8242-27b56db97cb9
309,E09000028,Southwark, ,533945,175869,-0.07308,51.465939,28877697.1774521,34597.089933071,5dcbc0d0-1053-4c97-9e17-7263ab65ccd4
310,E09000029,Sutton, ,527357,163639,-0.17226,51.357552,43847687.3093033,39928.1560601473,03214b81-4928-4be1-9a06-0f75ffc4eea3
311,E09000030,Tower Hamlets, ,536340,181452,-0.03647,51.515541,19770868.3723526,28755.0596991314,0b1329f4-a805-4968-bdbc-fb2a74ffce8c
312,E09000031,Waltham Forest, ,537328,190278,-0.0188,51.594608,38810231.8283844,33346.5832152042,07edc572-d91f-4847-b9ec-0f5b9bd59cb4
313,E09000032,Wandsworth, ,525152,174138,-0.20021,51.4524,34261867.6142349,38840.162298889,8efa25bb-4849-4626-9b62-0d1f3ec3d4fd
314,E09000033,Westminster, ,528268,180871,-0.15295,51.512211,21482611.4712219,27534.1177366515,14fd0ed4-5d6a-4ad4-9dbd-dd64ac3ecbdd
315,N09000001,Antrim and Newtownabbey, ,130813,541285,-6.1776,54.693859,728186553.508934,165145.087874744,e5dfa6e4-7583-4ab8-a96a-9f511796700c
316,N09000002,"Armagh City, Banbridge and Craigavon", ,112110,508158,-6.43455,54.3867,1437068553.12512,243056.44707026,03cc3218-a421-4468-b632-5c10bd33c007
317,N09000003,Belfast, ,146465,529747,-5.92535,54.59853,137716630.472664,65908.6538260689,d93190fb-1ae3-4ba1-bb30-42e4acf85480
318,N09000004,Causeway Coast and Glens, ,106168,581420,-6.5996,55.039619,1985534511.18827,381750.417386063,195b18c7-d47e-4be4-aa5d-80ef09ca1be0
319,N09000005,Derry City and Strabane, ,51779,559566,-7.42064,54.80904,1251241562.86125,271488.956324295,b298c7c8-4b19-47f3-bd1d-7f60b49a86fc
320,N09000006,Fermanagh and Omagh, ,41233,513013,-7.5271,54.385208,3012114876.90139,426624.234971304,65c50350-e5ee-4271-8be7-f1f3c3cd86d5
321,N09000007,Lisburn and Castlereagh, ,138712,518920,-6.03545,54.49752,510438068.178669,167383.523889688,733df302-0cdb-4333-bd04-65d95e1b1495
322,N09000008,Mid and East Antrim, ,133943,560151,-6.14645,54.86462,1061355466.99172,234863.330329398,2c385925-a1ef-4e2a-87a3-2b60ce1c1744
323,N09000009,Mid Ulster, ,83920,528564,-6.8889,54.552731,1957293802.6211,318433.308425237,0832de4d-def6-4d64-83ef-e3d0e8ab561e
324,N09000010,"Newry, Mourne and Down", ,133006,480432,-6.08891,54.149529,1682340589.11644,380093.278004493,a9921b31-4593-4c08-ab75-50f30671a631
325,N09000011,Ards and North Down, ,164321,524944,-5.64568,54.564091,566472954.624596,204689.104478938,0cb493ca-4aa6-4084-a03f-de84079be69b
326,S12000005,Clackmannanshire, ,291178,696402,-3.75316,56.147839,159185047.104141,96934.7314342216,4eff0633-7902-4a1e-8911-41fffc8bdb92
327,S12000006,Dumfries and Galloway, ,270645,579856,-4.02863,55.09621,6436564643.67006,1207132.87910694,6e894445-eea4-4632-86a9-676d15fc7f75
328,S12000008,East Ayrshire, ,255398,624935,-4.29057,55.496738,1270342031.26956,340964.549131594,1bdca908-db97-4405-9d5d-8897028d064f
329,S12000010,East Lothian, ,354854,672351,-2.72435,55.94207,679240894.818558,202129.137524463,9585fc38-386f-4c93-bf87-ae850930c199
330,S12000011,East Renfrewshire, ,251929,653115,-4.3606,55.74868,174249494.312546,93882.5140036289,0b5acd48-40b4-4ff3-85e5-a3e4a11262a4
331,S12000013,Na h-Eileanan Siar, ,126473,932862,-6.65722,58.199379,3096880214.17128,3874620.11100021,5d84a915-9e01-4946-9296-b5acf9c716f6
332,S12000014,Falkirk, ,285585,680168,-3.83619,56.000751,297127558.00444,169062.85502832,dd25a4e7-dae5-4d09-b942-38e573cb157c
333,S12000017,Highland, ,241018,858292,-4.66103,57.586571,26158825964.5964,5228343.77984222,036d1eef-185c-4498-92c9-a81523157160
334,S12000018,Inverclyde, ,227922,670894,-4.75387,55.900299,161948858.62883,79292.3993194072,ef74085d-57bc-457d-be2f-54f48276e03b
335,S12000019,Midlothian, ,330088,659217,-3.11738,55.82111,355271573.020538,126471.062777019,6be7a0eb-324f-40b2-9eb7-b1b3cbc6d2f8
336,S12000020,Moray, ,328015,843590,-3.20202,57.476799,2237554238.42816,463278.32998195,ceb8f90d-1dff-4fd9-a797-d9544d651239
337,S12000021,North Ayrshire, ,228996,651640,-4.7246,55.72789,885284944.786781,350167.787943834,e3f938ba-f2fe-40cb-b1f4-cf54d70b8242
338,S12000023,Orkney Islands, ,348293,1006584,-2.90025,58.94334,1015068427.11655,1203626.44906209,03e5a21c-0324-4f74-8aa8-b256bb701e24
339,S12000026,Scottish Borders, ,345889,626137,-2.85869,55.525951,4739179064.91029,514395.300748416,f5504e80-5d23-48f2-9aa5-81b759ac27df
340,S12000027,Shetland Islands, ,434516,1180307,-1.37344,60.504951,1468515001.19339,2321967.57120877,dd7a74d6-a1b2-4b4a-b9ec-0fa065212361
341,S12000028,South Ayrshire, ,226545,596271,-4.72899,55.23008,1224369285.20341,334722.293696267,3d09154e-f48d-4bb0-8aa3-818016807d56
342,S12000029,South Lanarkshire, ,284634,636071,-3.83272,55.60453,1773897195.52071,284527.34016518,fa211d97-3bc9-4339-a4db-29a5be59ccbf
343,S12000030,Stirling, ,255980,708769,-4.32595,56.249531,2252533423.54851,374946.624163721,8493d887-7cda-430c-9bec-7519f2e5be46
344,S12000033,Aberdeen City, ,387763,808479,-2.20398,57.166969,185610474.2435,123556.580507015,55872b70-23f8-41fb-8a76-ca01cbee68a5
345,S12000034,Aberdeenshire, ,352284,816277,-2.79208,57.234692,6317993255.47231,795062.108147475,1dde43e1-a4ae-4e64-8815-f8702de59277
346,S12000035,Argyll and Bute, ,200740,715443,-5.22114,56.28944,7005970848.81734,3797981.60094576,9a56b621-ef72-4f97-8ddf-4c18bbb9e0c0
347,S12000036,City of Edinburgh, ,320193,669417,-3.27826,55.911201,263390596.223816,110339.026476083,27944c37-1306-49dc-845c-34a175ea20a0
348,S12000038,Renfrewshire, ,239305,664698,-4.56834,55.848621,261487693.211212,131636.237991739,ddc74a29-6e48-424e-983b-46650b3eca2e
349,S12000039,West Dunbartonshire, ,242904,681586,-4.52074,56.0014,177320345.918091,103697.458333469,12ea84a5-0e68-46d1-9156-a582407fedc1
350,S12000040,West Lothian, ,299483,668514,-3.60909,55.8992,428772889.481705,134897.020062568,c8aed103-4721-45e9-ba99-2df87d01bdff
351,S12000041,Angus, ,345506,759636,-2.8921,56.725182,2184982991.77449,328926.983166925,c3959256-339a-4b48-b0ea-6de549836e84
352,S12000042,Dundee City, ,340291,732145,-2.97095,56.4776,59800701.7236938,47868.5124689107,95b48abf-7582-4fbf-91be-c1cbe84bbf05
353,S12000045,East Dunbartonshire, ,261240,676154,-4.22417,55.95829,174489016.753799,99603.0545770936,11e00b8f-26dd-4566-b9b8-4a955c2a98c2
354,S12000047,Fife, ,339187,704721,-2.98251,56.231121,1325190179.55272,358338.370493899,6aa0ce7b-a3a6-4427-8944-3c46dd36f5a9
355,S12000048,Perth and Kinross, ,284302,744185,-3.88484,56.575279,5383770905.47598,633253.08116005,12ad8604-8bd3-41fd-96d9-0a72b2ce4ab5
356,S12000049,Glasgow City, ,261534,667033,-4.21479,55.876492,174621296.390488,135584.074837304,5e824907-8af1-4064-8118-045fea945cd0
357,S12000050,North Lanarkshire, ,277984,665608,-3.9514,55.868141,472309075.061066,163984.724709276,e3d5b4ae-e158-48ca-9744-d12c619ac70e
358,W06000001,Isle of Anglesey,Ynys Môn,245217,378331,-4.32298,53.279308,715212567.600548,378962.343571737,51868e1f-4e8b-4116-80ae-44bf4577a44e
359,W06000002,Gwynedd,Gwynedd,280555,334966,-3.77715,52.89883,2548293012.62987,643031.462495984,6c160ead-ab3d-482e-8db2-5ef15852b96f
360,W06000003,Conwy,Conwy,283293,362563,-3.74646,53.147388,1130178887.93338,283283.233377129,46127058-ac3c-4005-8fad-089329209cac
361,W06000004,Denbighshire,Sir Ddinbych,309843,355416,-3.34761,53.088329,838716239.096992,228773.312973212,557f16c4-be1d-4020-b4b3-f90fb36bd65b
362,W06000005,Flintshire,Sir y Fflint,321134,369280,-3.18248,53.21471,439830308.115921,239005.924000082,9caaa529-9bea-4405-af10-b28e15098b2c
363,W06000006,Wrexham,Wrecsam,333523,345387,-2.99203,53.001671,503773489.32737,190040.818038467,d8494c8a-f7ea-49d5-91da-94dde5079395
364,W06000008,Ceredigion,Ceredigion,267127,268437,-3.94993,52.297951,1788379277.54392,382134.853501705,85aa6c9a-9bb3-4e8f-bf42-ad00881ba002
365,W06000009,Pembrokeshire,Sir Benfro,199821,221392,-4.90818,51.855129,1618344600.98822,743272.932986313,03222a8c-cf94-46d5-835c-6d8250cbff7a
366,W06000010,Carmarthenshire,Sir Gaerfyrddin,247954,224133,-4.2111,51.894951,2371104019.98901,591759.854450154,a27c6db6-2099-4f63-be07-c8656d62ef38
367,W06000011,Swansea,Abertawe,264022,197308,-3.96723,51.658058,377614558.490963,270827.281186791,4a2d07bb-c7f8-40c4-8d64-2387616c5440
368,W06000012,Neath Port Talbot,Castell-nedd Port Talbot,279261,195412,-3.74638,51.644501,442272614.955193,182189.891943223,ff7ea764-fede-4dfb-9e81-9bc89cfc667d
369,W06000013,Bridgend,Pen-y-bont ar Ogwr,288231,185870,-3.61375,51.5606,250785304.544872,93192.1975856509,85f0284e-3d97-4fa4-8314-5dca548a185c
370,W06000014,Vale of Glamorgan,Bro Morgannwg,302947,173080,-3.39801,51.44836,331261394.411201,108403.162609649,9e44380d-dcb2-4f65-8aa0-3e560e27b22b
371,W06000015,Cardiff,Caerdydd,315272,178887,-3.22209,51.502541,142303623.341022,79618.455710329,fec95fbb-42db-41a7-8430-1ec72e6a9632
372,W06000016,Rhondda Cynon Taf,Rhondda Cynon Taf,302237,192395,-3.41359,51.621849,424150424.443722,130240.675463069,cc2df6eb-2957-4ae0-a8ec-a6918d0a66f4
373,W06000018,Caerphilly,Caerffili,317245,195259,-3.19753,51.650009,277387812.479019,116205.751406757,a3b5cc64-3671-4381-97b7-7e8e57bef11b
374,W06000019,Blaenau Gwent,Blaenau Gwent,318236,206771,-3.18592,51.753639,108728050.001366,65601.771071248,b70124c4-8434-4aa1-a8c2-e70aae89b62c
375,W06000020,Torfaen,Torfaen,327459,200480,-3.05101,51.69836,126239927.800671,82544.7759674217,b46ceb4f-2807-4306-84a6-c11e7c61bd8e
376,W06000021,Monmouthshire,Sir Fynwy,337812,209231,-2.9028,51.778271,850326621.904648,224917.251558838,2a094d0b-92f6-44f6-84c3-0a5aa1c70b78
377,W06000022,Newport,Casnewydd,337897,187432,-2.89769,51.58231,190431131.368984,153216.416923138,e965295f-647e-4708-910d-dc3a99210fa4
378,W06000023,Powys,Powys,302329,273255,-3.43531,52.34864,5195311014.65457,610132.027463484,c6ec5309-c028-45f6-842d-f7e0b80ef53c
379,W06000024,Merthyr Tydfil,Merthyr Tudful,305916,206424,-3.36425,51.748581,111957018.608097,66696.9295920566,21e05f18-fa92-4a6d-a8df-71c7cb63c58b
